Partitions,Best_MSE,Time_s,Evals
2,[-0.35563356],654.7681603431702,10
4,[-0.3644342],594.0261652469635,10
8,[-0.28534204],650.296359539032,10
