                                                Partitions,Best_MSE,Time_s,Evals
4,0.10672631539370679,3061.0816884040833,50
