Partitions,Best_MSE,Time_s,Evals
4,[-0.34080103],1906.8993611335754,30
4,[-0.34232424],3119.4808852672577,50
