Partitions,Best_MSE,Time_s,Evals
1,[-0.25243153],880.3996076583862,9
